titulo,autor,anio,estante_numero,estante_seccion,piso,edificio,sede
"No Retreat, No Surrender 2: Raging Thunder",Thaine Cassey,2002,1,Alley,1,Daewoo,true
Fans,Rianon Everley,1995,2,Center,2,Mazda,true
Frenchman's Creek,Ramon Ledbetter,2008,3,Street,3,Land Rover,false
Eddie and the Cruisers,Rebe Drayson,2003,4,Crossing,4,Pontiac,false
Kit Kittredge: An American Girl,Cristabel Greensall,2010,5,Lane,5,Subaru,true
"Woman Next Door, The (Femme d'à côté, La)",Gottfried Sotworth,2000,6,Point,6,Mitsubishi,true
Disco and Atomic War (Disko ja tuumasõda),Andrea Rosson,2009,7,Trail,7,Volkswagen,false
Ironclad 2: Battle for Blood,Adelheid Jonk,2012,8,Place,8,Dodge,true
"Ivan the Terrible, Part Two (Ivan Groznyy II: Boyarsky zagovor)",Jose Elwood,2012,9,Plaza,9,Nissan,false
Deck the Halls,Sam Moakes,2001,10,Parkway,10,Subaru,false
School For Scoundrels,Tremain McMullen,1998,11,Court,11,GMC,true
Mr. Popper's Penguins,Rora Veschi,2013,12,Avenue,12,Kia,true
"Burial Ground (a.k.a. Zombie Horror) (a.k.a. Zombie 3) (Notti del Terrore, Le)",Nonna Croall,2011,13,Hill,13,Kia,true
Radio Flyer,Marcela Gelderd,2010,14,Place,14,Chevrolet,false
Warlock: The Armageddon,Juline Dredge,2011,15,Point,15,Aston Martin,true
When the Cat's Away (Chacun cherche son chat),Kimball Bindley,2011,16,Center,16,GMC,false
"SpongeBob Movie: Sponge Out of Water, The",Adelheid Cazereau,1999,17,Terrace,17,Isuzu,false
Why We Fight,Tom Clappson,1995,18,Street,18,Mitsubishi,false
Suppose They Gave a War and Nobody Came?,Bess Leggott,2007,19,Hill,19,Lincoln,false
Smokey and the Bandit,Kikelia Petera,2008,20,Road,20,Ford,false
Begotten,Rich Vallentine,2003,21,Alley,21,Hyundai,true
Other Girls,Kelcy McGibbon,2001,22,Alley,22,Ford,true
Rio Rita,Skelly Sainz,2003,23,Street,23,Dodge,false
"Battle for Marjah, The",Robinson Turmel,1985,24,Park,24,Chevrolet,false
"Pyx, The",Billy Tinker,2007,25,Terrace,25,Pontiac,false
Croupier,Wynny Lavers,2000,26,Crossing,26,GMC,false
"Horseman on the Roof, The (Hussard sur le toit, Le)",Sarge McEntegart,1996,27,Terrace,27,Mazda,false
Los Marziano,Noe Ansett,1964,28,Street,28,Studebaker,false
Camp Rock 2: The Final Jam,Ardelis Ruggs,1997,29,Point,29,Chevrolet,true
Howling V: The Rebirth,Andrei Geaney,2000,30,Parkway,30,Suzuki,true
"Skin Game, The",Lindsey Chessil,1999,31,Point,31,Mazda,true
"Eversmile, New Jersey",Cirilo Smeaton,2002,32,Lane,32,Honda,true
"Woman's Face, A (En kvinnas ansikte) ",Mohammed Gilston,2002,33,Street,33,Buick,false
Dottie Gets Spanked,Michelle Brussell,2001,34,Place,34,Suzuki,false
Blade of the Ripper,Charla Shearwood,1987,35,Place,35,Buick,true
Stray Cat Rock: Sex Hunter (Nora-neko rokku: Sekkusu hanta),Grissel Matityahu,2001,36,Circle,36,Ford,false
Headquarters (Päämaja) ,Perri Brigginshaw,2008,37,Parkway,37,Cadillac,false
"Intended, The",Mitchel Hayter,1999,38,Lane,38,Chrysler,false
Crimes Against Humanity,Rubetta Trouel,1997,39,Terrace,39,Volkswagen,false
"Bonaerense, El",Sorcha Faloon,2002,40,Point,40,Oldsmobile,false
Case départ,Mattheus Ashman,2008,41,Circle,41,Dodge,false
Formosa Betrayed,Eustace Van Halen,2002,42,Terrace,42,Mitsubishi,true
Pure One (Pakeezah),Yorgos Peizer,2008,43,Terrace,43,Mazda,true
They Made Me a Criminal (I Became a Criminal) (They Made Me a Fugitive),Sher Yarker,2007,44,Terrace,44,Mercedes-Benz,false
Big Bad Wolf,Shell Inggall,1994,45,Lane,45,Subaru,true
Batman Returns,Ambrosi Shirland,1998,46,Drive,46,Nissan,true
"Cat's-Paw, The",Russell Sleet,1991,47,Drive,47,Ford,false
Birth,Elsi Vido,1995,48,Alley,48,Saturn,true
"Pleasure of Being Robbed, The",Brear Leitch,2000,49,Lane,49,Honda,true
THX 1138,Simona Thombleson,2006,50,Drive,50,Volkswagen,false
Everybody Wins,Adina Seniour,1989,51,Way,51,Buick,false
Emma,Norry Holtham,2004,52,Circle,52,Isuzu,true
"Gathering of Old Men, A (Murder on the Bayou)",Corena O'Keenan,2001,53,Junction,53,Dodge,true
Just Buried,Homer Mann,1993,54,Lane,54,Hyundai,true
Felon,Thorndike Labba,1994,55,Center,55,Infiniti,false
My Old Lady,Billye Freda,1995,56,Junction,56,Volkswagen,true
Farah Goes Bang,Shepard Bullus,2007,57,Junction,57,Volkswagen,true
No Man's Land,Willey Irnys,1999,58,Plaza,58,Chrysler,true
Superman vs. The Elite,Leland Sutch,2004,59,Plaza,59,Mitsubishi,true
Animal Factory,Clemmie Philips,1999,60,Street,60,Pontiac,true
Sarraounia,Ashia Shah,1993,61,Trail,61,Mazda,true
Destry Rides Again,Rafi Magee,1995,62,Crossing,62,Ford,false
Orphans,Tedi Mordan,1997,63,Hill,63,Honda,false
Honkytonk Man,Nevsa Puller,2002,64,Trail,64,Volvo,false
Shorts,Anne-marie Morrad,2006,65,Junction,65,GMC,false
No Mercy,Alena Stanyan,2007,66,Parkway,66,Volvo,true
"Lone Ranger and the Lost City of Gold, The",Archibald MacCome,2009,67,Terrace,67,Nissan,true
Wake Wood ,Lorenzo Stansby,2011,68,Junction,68,Toyota,true
Tinker Bell and the Lost Treasure,Obie Chapelhow,2006,69,Street,69,Morgan,false
Tora-san's Love Call (Otoko wa tsurai yo: Torajiro koiuta),Renaldo Conechie,1992,70,Court,70,Subaru,false
Tyler Perry's Daddy's Little Girls,Boyd Ferencowicz,2008,71,Hill,71,Land Rover,true
Peeping Tom,Ferne Kelinge,2009,72,Park,72,Aston Martin,false
Stolen Face,Dallas Simeone,1993,73,Point,73,Mercedes-Benz,true
Aces 'N' Eights,Zelig Preskett,1988,74,Trail,74,Honda,false
Breathing Room,Dario Connah,1998,75,Street,75,Chevrolet,true
Doomsday Prophecy,Welsh Noads,1993,76,Hill,76,Mitsubishi,false
Donovan's Echo,Cherianne Goodinson,1994,77,Street,77,Chevrolet,true
Gidget,Nikolaos Boerder,2004,78,Center,78,Lincoln,false
"Talking Picture, A (Um Filme Falado)",Cesar Loakes,1992,79,Avenue,79,Mercury,false
"Like Father, Like Son (Soshite chichi ni naru)",Audie Ioselev,2002,80,Court,80,Volkswagen,false
"Thin Line Between Love and Hate, A",Micaela L'Episcopi,1999,81,Avenue,81,Isuzu,false
Prometheus,Ignacio Kiessel,2005,82,Court,82,Ford,false
Holding Trevor,Rutherford Deppe,1984,83,Terrace,83,Ford,false
"Missing Person, The",Ody Tansey,1984,84,Terrace,84,Volkswagen,false
Tarzan's Greatest Adventure,Julina Filtness,2006,85,Parkway,85,Pontiac,true
"Roman Spring of Mrs. Stone, The",Joey Crumby,2010,86,Terrace,86,Lexus,false
Katyn,Mindy Fontell,1996,87,Trail,87,Buick,false
Silent Action,Kirby Doud,1990,88,Plaza,88,Mercedes-Benz,false
Encino Man,Celie Cashley,1989,89,Street,89,Mazda,true
Sarah's Key (Elle s'appelait Sarah),Rodina McPaik,1998,90,Center,90,Jaguar,true
Transfer,Eolande Callaway,1998,91,Court,91,Chevrolet,false
"Buffalo Bill and the Indians, or Sitting Bull's History Lesson (a.k.a. Buffalo Bill and the Indians)",Kennith Islep,2013,92,Hill,92,Toyota,true
Cleopatra,Genovera Eastgate,1998,93,Terrace,93,GMC,false
Wolf Creek 2,Adriaens Robbey,1998,94,Point,94,Volkswagen,true
Downloading Nancy,Zak Ballefant,1985,95,Avenue,95,Mercedes-Benz,false
Moonlight and Valentino,Chevy Aronstein,1995,96,Plaza,96,Ford,false
Transformers: Revenge of the Fallen,Broderic Pinckney,2009,97,Crossing,97,Saab,true
Blood: The Last Vampire,Tabb Skellen,2006,98,Lane,98,Honda,false
"Spanish Main, The",Ammamaria Lourenco,1997,99,Junction,99,GMC,false
Two Sons of Francisco (2 Filhos de Francisco - A História de Zezé di Camargo & Luciano),Dieter Verzey,1994,100,Center,100,Mercury,true
Three Days (Tres días),Jan Aimable,2009,101,Crossing,101,Bentley,true
Where Eagles Dare,Sauveur Gresty,2009,102,Avenue,102,Mitsubishi,false
Henry V,Reinhold Elsworth,2011,103,Plaza,103,Toyota,false
Marie and Bruce,Steward Blayd,2004,104,Circle,104,Chevrolet,true
Beyond the Clouds (Al di là delle nuvole),Germaine Rusbridge,2009,105,Pass,105,Pontiac,true
They Might Be Giants,Cesya Gullyes,1984,106,Crossing,106,Mercury,false
North to Alaska,Emmalyn Renvoys,2006,107,Alley,107,Kia,true
"Way, Way Back, The",Pate Shermore,2004,108,Parkway,108,Mazda,false
Keeper of the Flame,Anastasie Jackways,2001,109,Pass,109,Jaguar,true
Blaise Pascal,Phillip Peye,2004,110,Plaza,110,Mazda,true
Hell Is for Heroes,Giorgio Buckley,2005,111,Drive,111,Chevrolet,true
Thirst (Bakjwi),Kenny Bugge,1992,112,Pass,112,Volkswagen,true
New Jack City,Chrissy Shoosmith,2009,113,Parkway,113,Bentley,true
Meatballs III,Manon Scamerden,2012,114,Circle,114,BMW,true
Romance & Cigarettes,Kiley Tebbit,2010,115,Trail,115,Toyota,true
"Sting II, The",Yehudit Gulleford,1992,116,Lane,116,Nissan,true
Backstairs (Hintertreppe),Zeke Ilett,2012,117,Center,117,Hyundai,true
Cursed,Philipa Piwall,1996,118,Center,118,Buick,true
"French Connection, The",Augustina Daugherty,2002,119,Park,119,Acura,true
Chronic Town,Elysia Truse,2006,120,Drive,120,Ford,true
Seven Brides for Seven Brothers,Cissiee Pruckner,2001,121,Circle,121,Dodge,true
Mad Bastards,Anne Gault,1998,122,Plaza,122,Buick,true
Jaws,Kev Werrit,1988,123,Lane,123,Buick,true
Kal Ho Naa Ho,Keefe Nowell,2010,124,Parkway,124,Kia,false
Barney's Version,Marcie Woodrup,1984,125,Park,125,Toyota,true
"Ninth Configuration, The (a.k.a. Twinkle, Twinkle, Killer Kane)",Delcine Flynn,1992,126,Pass,126,Buick,false
Wild Rovers,Rania Kenvin,2004,127,Circle,127,Chevrolet,false
Strangeland,Kaycee MacAlaster,1997,128,Court,128,Dodge,true
"Loving Story, The",Kellia Fausch,1987,129,Crossing,129,Mercury,false
Gray's Anatomy,Jenn Holbarrow,2012,130,Crossing,130,Toyota,true
"Women on the 6th Floor, The (Les Femmes du 6ème Étage)",Waldon Dohmann,2000,131,Crossing,131,Jeep,false
Yes Or No,Rosetta Carrabott,1993,132,Court,132,Mitsubishi,true
Night Moves,Loralie Pighills,1965,133,Pass,133,Chevrolet,true
Pawn Shop Chronicles,Robbie Hirtzmann,1993,134,Center,134,Nissan,false
"Aral, Fishing in an Invisible Sea",Barr Shawell,2000,135,Crossing,135,Buick,false
Marriage Retreat,Celia Vedishchev,2012,136,Place,136,Toyota,false
Androcles and the Lion,Ignacius Meldon,2008,137,Plaza,137,Chevrolet,false
Random Harvest,Auroora Empringham,1984,138,Street,138,Mazda,false
After You (Après vous...),Katherina Staker,1997,139,Court,139,GMC,true
Rapado,Hilde Gruszka,2010,140,Court,140,Chevrolet,true
Beyond the Law (Lain ulkopuolella),Vinnie Lucian,2003,141,Park,141,Pontiac,true
Charlie Chan in Dangerous Money,Orson Yaus,1997,142,Court,142,Geo,false
"Happiness of the Katakuris, The (Katakuri-ke no kôfuku)",Hal Lawlee,2007,143,Junction,143,Ford,true
Louise-Michel,Clevie Abisetti,1991,144,Trail,144,Audi,true
Highlander: The Source,Milton Candy,2010,145,Junction,145,Chevrolet,false
Drop Dead Gorgeous,Abdul De Michele,1995,146,Drive,146,Chevrolet,true
Kabul Express,Gratia Alywin,1996,147,Lane,147,GMC,true
"Friend Is a Treasure, A (Chi Trova Un Amico, Trova un Tesoro) (Who Finds a Friend Finds a Treasure)",Maitilde Gabrieli,2006,148,Court,148,Hyundai,true
"Nameless, The (Los sin nombre)",Mauricio Bollam,2011,149,Alley,149,Ford,true
"Shrink Is In, The",Albertine Meader,1986,150,Avenue,150,Subaru,true
"Moine, Le (Monk, The)",Dulcia Bedboro,1994,151,Park,151,Mercury,true
"Best Man Holiday, The",Filmore Gerrens,2004,152,Avenue,152,Mitsubishi,true
Kawa,Guendolen Mohring,2005,153,Junction,153,Maybach,true
Jack Reacher,Bruce Lavelle,1997,154,Avenue,154,Infiniti,false
Seeing Other People,Easter Weepers,1990,155,Park,155,Mercury,false
Hoffman,Molly Bowich,2001,156,Circle,156,Toyota,true
Top Gun,Philippine Byk,2002,157,Avenue,157,Mitsubishi,true
"Body, The",Eric Cottrill,2011,158,Avenue,158,Buick,true
Born Free,Dre Albrecht,2004,159,Street,159,Ford,true
Stevie Nicks: Live at Red Rocks,Ranee Pebworth,1994,160,Circle,160,Subaru,true
Casey Jones,Colman Baynon,2003,161,Trail,161,BMW,false
Coal Miner's Daughter,Lizzie Penketh,2011,162,Avenue,162,Mercedes-Benz,true
The Land Before Time VIII: The Big Freeze,Joellen Bard,2007,163,Terrace,163,Suzuki,true
Day Is Done,Gaylor Hubach,1995,164,Alley,164,GMC,false
I Married a Monster from Outer Space,Henrie Cronkshaw,2012,165,Alley,165,Dodge,true
Beowulf & Grendel,Livvie Biskupski,1972,166,Pass,166,Chevrolet,true
"Great Diamond Robbery, The",Gabrielle Seal,1994,167,Alley,167,Lotus,true
"Misérables, Les",Dill Ecclestone,2008,168,Park,168,Cadillac,true
Mr. Moto in Danger Island,Marielle Barge,1996,169,Place,169,Dodge,false
Ivans xtc.,Eduard Gounel,2005,170,Parkway,170,Ford,true
"Fish Called Wanda, A",Ophelie Pedroli,1999,171,Center,171,Volkswagen,false
"Turn of the Screw, The",Webb Dalyiel,2010,172,Center,172,Ford,true
Buried Alive,Helge Welbeck,2003,173,Lane,173,Hyundai,false
Tillie's Punctured Romance,Rees Billo,2008,174,Point,174,Ford,false
Hellbenders,Shermie Benwell,1984,175,Hill,175,Lincoln,true
Human Desire,Gris Woolrich,2011,176,Center,176,Audi,false
Revenge of the Electric Car,Prudence Traite,2002,177,Lane,177,Mazda,false
Eddie Murphy Delirious,Axe Percifer,1986,178,Pass,178,Ford,true
Purge (Puhdistus),Lorant Ewell,2012,179,Hill,179,Volvo,true
"Woman Is a Woman, A (femme est une femme, Une)",Susy Scola,2007,180,Road,180,Ford,true
Sirens,Lorin Searl,2001,181,Park,181,Dodge,false
Wuthering Heights,Tomasine McKie,2001,182,Lane,182,Ford,false
Shatter Dead,Shir Menghi,1998,183,Center,183,Chevrolet,false
Shall We Kiss? (Un baiser s'il vous plait),Christel Delagnes,1986,184,Parkway,184,Volkswagen,false
Wild Oranges,Ortensia Kobpa,2004,185,Plaza,185,Honda,true
Romance on the High Seas,Carlene Boxen,2009,186,Parkway,186,Maybach,false
Double Impact,Mortie Nossent,2007,187,Junction,187,Hyundai,false
Weird Science,Boycey Cripwell,2001,188,Circle,188,Acura,true
"Adventures of Sharkboy and Lavagirl 3-D, The",Myrtle Pyrke,1987,189,Drive,189,Mitsubishi,true
The Other Side of the Mountain,Casper Seedman,1994,190,Junction,190,Ford,true
Cedar Rapids,Kerrie Pods,1989,191,Alley,191,Buick,true
Passion of Love (Passione d'amore),Quincy Thoma,2006,192,Trail,192,Bentley,false
Like It Is,Cornelle Graalman,1987,193,Center,193,Volkswagen,true
Song of the Little Road (Pather Panchali),Roman Davidman,1994,194,Place,194,Isuzu,false
Solo ,Hadria Saxelby,1992,195,Avenue,195,Eagle,true
Starsuckers,Lawrence Sankey,2011,196,Crossing,196,Mercedes-Benz,true
Woman Thou Art Loosed,Janina Samwyse,2004,197,Hill,197,Jaguar,true
American Pie Presents: The Book of Love (American Pie 7: The Book of Love),Crysta Ioan,2001,198,Plaza,198,GMC,true
It All Starts Today (Ça commence aujourd'hui),Dalton Mackie,1969,199,Center,199,Shelby,true
"Sexo, Amor e Traição",Ericha Wheelband,1986,200,Plaza,200,Pontiac,false
Bachelor Mother,Merrel Lampen,2005,201,Court,201,Nissan,true
"Super, The",Tildy Strangwood,1990,202,Plaza,202,Pontiac,true
Yi Yi,Dallas Whimper,1989,203,Point,203,Pontiac,true
"Bless Me, Ultima",Theresa O' Borne,2009,204,Way,204,Mitsubishi,true
William Kunstler: Disturbing the Universe,Sharline Buffin,1986,205,Way,205,Mazda,true
"Descent, The",Janella Lindenman,1985,206,Avenue,206,Audi,false
Electronic Labyrinth THX 1138 4EB,Teirtza Iacovelli,2009,207,Plaza,207,Saturn,false
Omen IV: The Awakening,Claudine Skilling,2003,208,Plaza,208,Ford,true
Peter Pan,Tate Veltman,2006,209,Drive,209,Kia,false
Monsters University,Jojo Sawkins,1985,210,Lane,210,Pontiac,false
Battlestar Galactica: Blood & Chrome,Jonathon Heitz,2002,211,Point,211,GMC,false
Deuce Bigalow: Male Gigolo,Catha Barfield,1993,212,Lane,212,Hyundai,true
"Haunting at Silver Falls, A",Beverley Cumo,1992,213,Terrace,213,Buick,false
Dots,Sawyere Monteath,1991,214,Road,214,Ford,true
Love Is the Devil,Idaline Rossey,2012,215,Junction,215,Mitsubishi,false
Sarah Silverman: Jesus Is Magic,Flin Dubble,2006,216,Lane,216,Ford,false
Benigni,Jilleen Tretwell,2010,217,Point,217,Toyota,false
"Mark of Cain, The",Ulberto Marlowe,1991,218,Circle,218,Porsche,false
"Pickle, The",Pail Worg,2000,219,Avenue,219,Volkswagen,false
Johnny Suede,Fabe Gayne,1988,220,Park,220,Pontiac,false
This Is My Father,Eadmund Shury,2011,221,Way,221,Nissan,false
"As Above, So Below",Melvin Cathenod,2012,222,Pass,222,Mitsubishi,false
Something in the Wind,Avis Hugueville,2001,223,Road,223,Dodge,false
"Fire Within, The (Feu follet, Le)",Daryn Haggas,2001,224,Center,224,Chevrolet,true
London Boulevard,Theodora Scourgie,2009,225,Drive,225,GMC,true
Article 99,Nelson Geraghty,1994,226,Avenue,226,Ford,true
"Page Turner, The (Tourneuse de pages, La)",Ches Cotgrove,2008,227,Alley,227,Volkswagen,true
"N Word, The",Nessy Leband,2010,228,Junction,228,Kia,false
"Strangers, The",Gilligan Roon,2006,229,Plaza,229,Dodge,false
April's Shower,Maynard Scroggs,1993,230,Place,230,Chevrolet,true
Ripley's Game,Sile Ragbourne,1998,231,Point,231,Plymouth,false
Nightmares in Red White & Blue: The Evolution of the American Horror Film,Renell Maier,2004,232,Center,232,Chrysler,false
Grace Unplugged,Leon Wallsworth,2008,233,Park,233,Ford,true
Draft Day,Charmion Tarney,2009,234,Drive,234,Mercedes-Benz,false
The Madagascar Penguins in a Christmas Caper,Arlena Henkmann,2010,235,Center,235,Mitsubishi,true
"Black Cauldron, The",Auberta Duffy,1999,236,Lane,236,Dodge,false
Crackers,Towny MacGiany,1986,237,Parkway,237,Audi,true
Sex and the City,Jillie Gulleford,1996,238,Plaza,238,Ford,false
My Blue Heaven,Glenine Spleving,1989,239,Crossing,239,Mazda,false
To Be King (Koning van Katoren),Bax Muzzini,2012,240,Pass,240,Bentley,true
Knocked Up,Jonas Matz,2007,241,Alley,241,Bentley,true
Awesome; I Fuckin Shot That!,Baxie Desson,2010,242,Point,242,Ford,false
Jamaica Inn,Maryl Blaymires,2012,243,Point,243,Land Rover,true
Never Die Alone,Alexandros Sands-Allan,1997,244,Pass,244,Audi,true
"Canyons, The",Kassie De Cruze,1998,245,Circle,245,Lexus,false
Burn After Reading,Ruthanne Coldbathe,2004,246,Terrace,246,Saab,true
Fools Rush In,Frank Tolemache,1998,247,Pass,247,GMC,false
Supervixens,Frances Isherwood,2002,248,Alley,248,Land Rover,true
Two Can Play That Game,Hugues Mannering,1994,249,Drive,249,Nissan,false
"Englishman in New York, An",Morna Castellan,2006,250,Drive,250,Land Rover,true
Valley of the Dragons,Gayle Nend,2003,251,Place,251,Mazda,true
"Blues Brothers, The",Bary Tardiff,1998,252,Plaza,252,Mercedes-Benz,false
Planet of the Apes,Ginni Le Floch,1998,253,Point,253,Honda,false
Kickboxer,Tansy Rayson,2009,254,Terrace,254,Kia,true
Then She Found Me,Garwin Gotobed,2004,255,Parkway,255,Toyota,false
Liebelei,Bridgette Duckerin,1993,256,Trail,256,Mitsubishi,true
Ego,Katie Hadye,1999,257,Drive,257,Honda,true
Cinema Paradiso (Nuovo cinema Paradiso),Harriette Clewley,2008,258,Hill,258,GMC,false
"Cry in the Night, A",Kristine Seviour,2013,259,Street,259,Ford,true
Hands Off the Loot (Touchez pas au grisbi),Bev Fisbey,2000,260,Avenue,260,Mazda,true
Four Daughters,Arne Bartocci,1985,261,Avenue,261,Mercury,false
Ladies in Retirement,Elston Domel,1988,262,Drive,262,Ford,false
Cruel Story of Youth (Seishun zankoku monogatari),Alexandre Surgen,1991,263,Alley,263,Audi,true
Ace Attorney (Gyakuten saiban),Lynnea Hillborne,2004,264,Junction,264,Nissan,false
"Favor, The",Sargent Wistance,1979,265,Avenue,265,Buick,true
Final Fantasy VII: Advent Children,Kiersten Peeter,1994,266,Place,266,Mazda,false
Demetrius and the Gladiators,Billye Froggatt,2011,267,Circle,267,Chevrolet,true
Cose da pazzi,Chiquia Archbould,2010,268,Place,268,Ford,true
"Proposal, The",Theda O'Logan,1995,269,Parkway,269,Plymouth,false
Love Is a Woman (Death Is a Woman),Belicia Savage,2006,270,Junction,270,Ferrari,true
Lemon Tree,Ezra Helliker,2000,271,Center,271,Pontiac,false
Will Ferrell: You're Welcome America - A Final Night with George W Bush,Chrissy Rosendorf,1992,272,Crossing,272,Land Rover,false
Secondhand Lions,Jilli Ehlerding,1989,273,Crossing,273,Mazda,true
"Rainmaker, The",Kerstin Wratten,2008,274,Circle,274,Nissan,false
Brown Sugar,Minnaminnie Parnell,2012,275,Point,275,GMC,false
"X from Outer Space, The (Uchû daikaijû Girara)",Burt Grassin,2006,276,Parkway,276,GMC,false
Invisible Ghost,Robinson Vecard,1990,277,Hill,277,Mazda,true
Standing in the Shadows of Motown,Carita Capelle,1997,278,Hill,278,Mitsubishi,true
Picnic on the Grass (Le déjeuner sur l'herbe),Jacintha Kiddie,2006,279,Park,279,Isuzu,false
"Horse Rebellion, The (Pulakapina)",Isa Syer,2008,280,Court,280,Mercedes-Benz,true
Jack Goes Boating,Jessi Canfer,1969,281,Hill,281,Pontiac,false
61*,Ardella Bernardeau,1984,282,Pass,282,Buick,false
Mildred Pierce,Adriano Del Castello,2000,283,Point,283,Buick,false
Japanese Story,Tory Krishtopaittis,1995,284,Junction,284,Chevrolet,true
Assault on Precinct 13,Bay Longdon,2008,285,Drive,285,Toyota,true
Tenacious D in The Pick of Destiny,Thaddeus Burwin,1992,286,Plaza,286,Ford,true
Racing Stripes,Christopher McIlwrick,1999,287,Lane,287,Saab,true
Quiet as a Mouse (Muxmäuschenstill),Suzy Pearmain,2009,288,Junction,288,Volkswagen,true
"Diaries of Vaslav Nijinsky, The",Dreddy Stieger,1997,289,Pass,289,Eagle,false
Be with Me,Krissie Gribble,2007,290,Crossing,290,Isuzu,true
Games,Jarret Petrushanko,2004,291,Road,291,Honda,false
Nothing Personal,Fedora Gibb,1979,292,Court,292,Buick,true
Riot On!,Mar Cunah,1993,293,Center,293,Pontiac,false
Bolivia,Josephina Duigan,2002,294,Center,294,Ford,false
Death Wish 2,Steward Brouncker,2012,295,Parkway,295,Mercedes-Benz,false
Penda's Fen,Dita Meachen,1963,296,Drive,296,Pontiac,false
Churchill: The Hollywood Years,Shanta Luchelli,2001,297,Drive,297,Volkswagen,false
Nowhere to Run,Cecilia Peetermann,2003,298,Plaza,298,Porsche,true
"God is Great, I'm Not (Dieu est grand, je suis toute petite)",Calhoun Tunno,2010,299,Alley,299,GMC,false
"Stepfather, The",Wallis Hackworthy,1994,300,Trail,300,Ford,true
Mr. Average,Merilee Hamil,1997,301,Trail,301,Oldsmobile,false
Long Way Round,Nicolle Birdwhistle,1998,302,Park,302,Chevrolet,false
"Red Desert (Deserto rosso, Il)",Gerianne Knightsbridge,2003,303,Trail,303,Porsche,false
Seduced and Abandoned,Sunny Durn,2011,304,Plaza,304,Audi,true
The Nautical Chart,Mareah MacBain,2006,305,Park,305,Hummer,true
Ocean's Eleven (a.k.a. Ocean's 11),Mannie Stampfer,2004,306,Way,306,Jeep,false
"Ranma ½: Big Trouble in Nekonron, China (Ranma ½: Chûgoku Nekonron daikessen! Okite yaburi no gekitô hen)",Leoine Coalbran,1996,307,Place,307,Pontiac,false
Bio-Dome,Gusty Margram,2011,308,Center,308,BMW,false
Six in Paris (Paris vu par...),Fair Spring,1993,309,Circle,309,Subaru,false
"Rare Breed, The",Joli Straneo,1997,310,Trail,310,Chevrolet,true
6 Days to Air: The Making of South Park,Yorke O'Hollegan,1993,311,Junction,311,Chevrolet,false
Private Hell 36,Blondy Ludgrove,2004,312,Point,312,Pontiac,true
Little Criminals,Candice Rupprecht,2010,313,Lane,313,Nissan,false
Love and Lemons (Små citroner gula),Byrom De Fries,2000,314,Alley,314,Hyundai,true
"Great Silence, The (Grande silenzio, Il)",Odo Scritch,1988,315,Way,315,Mitsubishi,true
SUBWAYStories: Tales from the Underground,Eda Cosgry,1998,316,Terrace,316,Chrysler,true
Practical Magic,Rod Glinde,2008,317,Point,317,Hyundai,false
Wuthering Heights,Enid Fallis,1950,318,Lane,318,Hillman,false
"Tempest, The",Beverley Pilipets,1999,319,Road,319,Chevrolet,false
"Necessary War, The",Davina Hertwell,1984,320,Trail,320,Mitsubishi,true
Three on a Match,Stephie Brew,2005,321,Drive,321,Honda,false
Pompeii,Paola Incogna,2011,322,Avenue,322,Bentley,false
All Quiet on the Western Front,Fey Edgecombe,2000,323,Street,323,GMC,false
Gunfight at the O.K. Corral,Josephine McDiarmid,2007,324,Place,324,Pontiac,true
Funeral Parade of Roses (Bara no sôretsu),Kelsi Clayson,1994,325,Trail,325,Pontiac,true
Fatal Instinct,Allyn Laurencot,2004,326,Road,326,Ford,true
Iria: Zeiram the Animation ,Niki Scally,1995,327,Park,327,Ford,true
"Parade, The (Parada)",Karita Snoden,2009,328,Way,328,BMW,false
Death Racers,Elita Kyston,2003,329,Center,329,Lincoln,true
"Surgeon, The",Patton Desport,1985,330,Plaza,330,Mercury,true
Making the Boys ,Maximilianus Prestland,2005,331,Terrace,331,BMW,true
Wagner's Dream,Thatch Mooring,2004,332,Drive,332,Lexus,true
Rat Pfink a Boo Boo,Torrie Heyns,1999,333,Court,333,Chevrolet,false
Heart of Glass (Herz aus Glas),Alane Wathall,2011,334,Terrace,334,Volvo,false
Manufacturing Dissent,Julia Pengilly,2003,335,Road,335,Lamborghini,true
Weekend at Bernie's II,Wallache Hardwidge,2012,336,Terrace,336,Land Rover,false
Love That Boy,Marcella Meynell,2009,337,Pass,337,Chevrolet,true
Green Zone,Artemus Lung,2000,338,Way,338,Lexus,false
"Santa Clause 3: The Escape Clause, The",Baldwin Sorel,1987,339,Road,339,Buick,false
The Expelled,Lissi Dorney,2001,340,Lane,340,Suzuki,false
Ismael,Christye Windsor,2008,341,Terrace,341,Nissan,false
Federal Hill,Alison Lawford,2003,342,Drive,342,Chevrolet,true
District 13: Ultimatum (Banlieue 13 - Ultimatum),Jeremiah Braz,2008,343,Lane,343,Toyota,false
"Party, The",Robinet Horlick,1997,344,Place,344,Volvo,false
Philomena,Juliane Pointon,2008,345,Park,345,Subaru,true
Public Sex,Yetty Collicott,2003,346,Road,346,Audi,true
Big Trouble,Monroe Tuppeny,1985,347,Plaza,347,Toyota,false
Blacula,Terrell McMickan,1990,348,Street,348,Pontiac,true
Rockaway,Wakefield Ferns,2004,349,Plaza,349,Chevrolet,false
Torment (Hets),Laughton Newby,2001,350,Court,350,Dodge,true
Way Down East,Eleni Magauran,1994,351,Alley,351,Toyota,true
"Good Morning, Babylon",Tobias Tomkies,1990,352,Plaza,352,Audi,false
"Promoter, The (Card, The)",Garner Saker,2001,353,Pass,353,Kia,false
God Save My Shoes,Judy Catherine,1992,354,Trail,354,Dodge,false
4 Little Girls,Terri Hilland,1992,355,Court,355,Geo,true
Close to Home (Karov La Bayit),Minnie Marchenko,1993,356,Park,356,Infiniti,false
The Nutcracker Prince,Tessi Dashwood,1988,357,Trail,357,Mercedes-Benz,false
"Me Two (Personne aux deux personnes, La)",Ericka Govey,2003,358,Alley,358,Pontiac,true
Regular Guys (Echte Kerle),Roberta Dasent,1998,359,Road,359,Cadillac,true
"Captive, The",Annalee Hickisson,2001,360,Drive,360,Volkswagen,true
"Hole, The",Angeline Edmunds,2002,361,Circle,361,Dodge,true
"Legend of Lizzie Borden, The",Marlon Amiranda,2002,362,Hill,362,Chevrolet,true
Lemon Tree,Floris MacCafferky,1997,363,Road,363,Mazda,false
Catwoman,Fayina Betty,1993,364,Hill,364,Volkswagen,false
Alexandra (Aleksandra),Kial Betteridge,2001,365,Parkway,365,GMC,true
Carrington,Camey Haggeth,2009,366,Way,366,Nissan,true
"Marine, The",Tessie Skerritt,2009,367,Junction,367,MINI,true
Love and Other Drugs,Andros Covolini,2003,368,Junction,368,Chevrolet,false
'Round Midnight,Riki Gookey,1991,369,Pass,369,Mitsubishi,true
Je m'appelle Elisabeth,Granthem Edlyn,2003,370,Road,370,Hyundai,false
Savior,Lani Hurdidge,2012,371,Place,371,Ram,true
Cowboy del Amor,Denna Ayliffe,1993,372,Parkway,372,Hyundai,true
One Deadly Summer (L'été meurtrier),Thom Stiffkins,2011,373,Parkway,373,Hyundai,false
Dr. Jekyll and Mr. Hyde,Dniren Tomasi,1992,374,Lane,374,BMW,true
Kummeli Goldrush (Kummeli kultakuume),Kissiah Sarney,1992,375,Place,375,Ford,true
I giorni contati,Harrie Shalders,1997,376,Pass,376,Mercury,false
"Debt, The",Weider Redmile,2004,377,Plaza,377,Volvo,false
Five Minutes of Heaven,Jany Roussell,2002,378,Lane,378,Honda,false
Versailles,Chip Helkin,2009,379,Road,379,Kia,false
Vexille (Bekushiru: 2077 Nihon sakoku),Winston Bratley,2008,380,Court,380,Kia,false
Extracted,Rosco Matschke,1994,381,Way,381,Volkswagen,false
Passengers,Rubia Paulazzi,2006,382,Junction,382,Chevrolet,true
"White Massai, The (Weisse Massai, Die)",Noami O'Hollegan,2000,383,Lane,383,Oldsmobile,true
Aces: Iron Eagle III,Sydney Evensden,2007,384,Pass,384,Porsche,false
Coming Home (Gui lai),Renae Guys,2007,385,Place,385,Lincoln,false
"Crude Oasis, The",Harley Megainey,2007,386,Center,386,BMW,false
"Agony and the Ecstasy, The",Clayton Benstead,2009,387,Terrace,387,Honda,false
Girl Walks Into a Bar,Gilbert Gonneau,1995,388,Crossing,388,Toyota,false
Always Leave Them Laughing,Sena Smyth,1997,389,Junction,389,Chrysler,true
My Own Private Idaho,Markus Cominoli,1996,390,Center,390,Isuzu,false
"Accidental Spy, The (Dak miu mai shing)",Emmy Sappy,2010,391,Way,391,Audi,false
"Son of Kong, The",Thorstein Draper,1990,392,Drive,392,Mercedes-Benz,false
Cheeky (Trasgredire),Milt Bethell,1994,393,Point,393,Infiniti,true
Flawless,Eran Fisbburne,1997,394,Place,394,Chrysler,true
Coco Before Chanel (Coco avant Chanel),Grantley Lanchbery,2000,395,Lane,395,Suzuki,true
"Terror's Advocate (Avocat de la terreur, L')",Hodge Hillam,1996,396,Avenue,396,Mazda,true
Gertrud,Joey Dilston,2012,397,Drive,397,Chevrolet,true
Ninja Assassin,Sapphire Hanfrey,2005,398,Point,398,Ford,false
Over the Hedge,Yule Kerwin,2011,399,Place,399,BMW,true
Guilty by Suspicion,Valentino Fruser,1992,400,Crossing,400,Acura,true
"Dreamlife of Angels, The (Vie rêvée des anges, La)",Anya Gothliff,1999,401,Junction,401,Honda,true
"Diaries of Vaslav Nijinsky, The",Des Salzburger,1992,402,Hill,402,GMC,true
Mona and the Time of Burning Love (Mona ja palavan rakkauden aika)),Ardis Benit,2000,403,Street,403,GMC,false
The Trap,Gabriel Baillie,1996,404,Avenue,404,Subaru,true
Falling in Love,Haywood Farran,1997,405,Court,405,Buick,false
"Boys, The",Min Cartan,2000,406,Lane,406,Saturn,false
Luxo Jr.,Eyde Coenraets,2006,407,Street,407,Nissan,false
"Funeral, The",Orbadiah Gerg,1996,408,Parkway,408,Audi,false
Riverworld,Malena Josephoff,1995,409,Drive,409,Suzuki,true
Tidal Wave,Agace Alwell,2009,410,Terrace,410,Chrysler,true
"Seeker: The Dark Is Rising, The",Ernesta Bayless,2008,411,Road,411,Mazda,false
Snow Day,Ferdinanda McGilvary,2005,412,Lane,412,Lexus,false
Night People,Darrell Janik,2006,413,Way,413,GMC,false
G Men,Josey Petrus,1991,414,Street,414,Honda,true
"Gabby Douglas Story, The",Kelby Poe,1995,415,Hill,415,Ford,false
"Journey, The (El viaje)",Judye Boyles,1993,416,Court,416,Dodge,false
Joe Strummer: The Future Is Unwritten,Tamqrah Combe,2010,417,Lane,417,Mercedes-Benz,false
Queen Sized,Ina Hibling,1999,418,Way,418,Volvo,true
"Soldier's Tale, A",Noach Soot,1998,419,Lane,419,Chevrolet,false
Men to Kiss,Nikki Farmloe,2006,420,Pass,420,Chevrolet,false
Under the Stars (Bajo las estrellas),Ninon Guilfoyle,1996,421,Road,421,Toyota,true
Our Little Differences (Die feinen Unterschiede),Isahella Dalyiel,2003,422,Circle,422,Chevrolet,true
"Great Outdoors, The",Laina Oddey,1994,423,Trail,423,Isuzu,false
Violent Saturday,Kleon Witsey,1993,424,Court,424,Cadillac,false
At the Circus,Karla Birtley,1994,425,Lane,425,Buick,false
Private School,Orel Noakes,1993,426,Center,426,Chrysler,false
C.S.A.: The Confederate States of America,Flora Franz-Schoninger,1988,427,Circle,427,Ford,true
Blackadder's Christmas Carol,Ardelia Barkley,1984,428,Hill,428,Mazda,true
Slam Dunk Ernest,Raina De Winton,2012,429,Court,429,Nissan,false
Paradise: Hope (Paradies: Hoffnung),Langston Dottridge,1993,430,Way,430,Plymouth,false
Roula,Dore Buggs,1996,431,Street,431,Acura,false
"Sea Is Watching, The (Umi wa miteita)",Brandy Syplus,2012,432,Way,432,Land Rover,true
Calamity Jane,Emalee Hindmore,2006,433,Plaza,433,Honda,false
Family Tree (L'arbre et la forêt),Auberta Gravestone,1994,434,Center,434,Eagle,true
30 Beats,Marcie Winwood,1996,435,Circle,435,Dodge,false
Loser,Katie McTiernan,2006,436,Pass,436,Mercedes-Benz,false
Safe Haven,Hubie Crofthwaite,1999,437,Street,437,Acura,true
Five Minutes of Heaven,Leoine Heritege,2012,438,Park,438,Ford,true
Assassin of the Tsar,Rutger Billsberry,2008,439,Alley,439,Dodge,false
Queen of the Mountains,Stephine Crinage,2006,440,Park,440,Honda,false
Joe the King,Abel Sabbins,2000,441,Hill,441,Mercury,true
Linewatch,Lela Fishly,2006,442,Pass,442,Ford,true
Celeste and Jesse Forever (Celeste & Jesse Forever),Bronson Casel,1995,443,Way,443,Dodge,false
Dorian Blues,Ennis Blaksland,1997,444,Place,444,Geo,false
Under the Bombs,Melisa Henkmann,1988,445,Parkway,445,Pontiac,true
Lawless Range,Kalinda Mount,2006,446,Parkway,446,BMW,true
Peyton Place,Frederigo Ginni,2013,447,Road,447,Nissan,false
Paying the Price: Killing the Children of Iraq,Bekki Predohl,2004,448,Lane,448,Nissan,true
Boy A,Ariel Lembke,2002,449,Plaza,449,Chrysler,true
Paranormal Activity: The Marked Ones,Leland O'Spillane,2011,450,Hill,450,GMC,true
"Brain, The",Izabel Penner,2005,451,Pass,451,Lincoln,false
Hanky Panky,Clayborne Till,2004,452,Center,452,Toyota,true
Absolon,Gaile Dunan,1998,453,Drive,453,Ford,true
Orgy of the Dead,Vinita Galilee,2009,454,Pass,454,Suzuki,true
Prancer,Loy Rittelmeyer,2004,455,Road,455,Pontiac,true
Blood Beach,Emmalynne Dome,2005,456,Terrace,456,Suzuki,true
Woochi: The Demon Slayer,Laryssa Reynolds,1984,457,Avenue,457,Suzuki,false
Bestseller (Be-seu-teu-sel-leo),Cyndia Addie,2000,458,Center,458,Pontiac,true
Shock,Neila Portman,2007,459,Place,459,Mazda,true
One Nite In Mongkok (Wong gok hak yau),Isaiah Tapley,1999,460,Trail,460,Audi,true
Nothing About Robert (Rien sur Robert),Hulda Bartusek,2003,461,Hill,461,GMC,false
T.N.T.,Kayle Kollach,1992,462,Center,462,Mercury,false
"Out of Towners, The",Karlen Plume,2000,463,Avenue,463,Cadillac,true
Screwed,Jessalin Swallow,2005,464,Junction,464,Infiniti,true
"Cutter, The",Collen Beirne,1990,465,Circle,465,Mazda,true
Public Enemies,Manuel Main,2007,466,Avenue,466,Toyota,true
"Nazi Officer's Wife, The",Philippa Fettiplace,2001,467,Terrace,467,Lamborghini,false
Formula 51,Thedric Fanton,2000,468,Drive,468,Cadillac,true
Go for Sisters,Rube Tatlock,2009,469,Court,469,Lotus,false
One Chance,Nettle Domleo,2013,470,Terrace,470,Chevrolet,false
Tron: Legacy,Ruben Benardeau,2010,471,Point,471,Mercedes-Benz,true
FernGully 2: The Magical Rescue,Rosetta Cove,2008,472,Street,472,Mitsubishi,true
Spiral,Jacobo Brereton,2009,473,Place,473,Mazda,false
Terms and Conditions May Apply,Erwin Connal,1973,474,Hill,474,Pontiac,false
Squirm,Ursa Verecker,1993,475,Way,475,Chevrolet,false
"World Without Thieves, A (Tian xia wu zei)",Claiborn Colkett,2007,476,Avenue,476,BMW,true
Keep the River on Your Right: A Modern Cannibal Tale,Virgie Everly,2000,477,Lane,477,Honda,false
Greed,Ronalda Rudeforth,1993,478,Drive,478,Dodge,false
"Greening of Whitney Brown, The",Lonnie Fazan,2009,479,Hill,479,Nissan,true
My Sons (Musuko),Cristi McCarl,2008,480,Pass,480,Ford,true
Where the Boys Are,Herve Westley,2012,481,Trail,481,Smart,false
Bullets or Ballots,Florri Antwis,1994,482,Avenue,482,Audi,true
This Time Around,Celeste Scottini,2009,483,Road,483,Chevrolet,false
Ghosts of the Abyss,Garnette Imesson,2005,484,Drive,484,Pontiac,true
"Sex, Lies, and Videotape",Roselin Clardge,1997,485,Hill,485,GMC,true
Fierce Light: When Spirit Meets Action,Georgie Ferrotti,1990,486,Hill,486,Ford,false
Pigsty (Porcile),Randy Bellas,1999,487,Trail,487,Pontiac,false
Who Do I Gotta Kill?,Kath Barmby,1996,488,Lane,488,Oldsmobile,true
Coco Chanel & Igor Stravinsky,Koren Feely,2006,489,Park,489,BMW,false
Caught,Lianne Liebermann,2005,490,Lane,490,MINI,false
Apollo Zero,Madelon Dodridge,2007,491,Lane,491,BMW,false
Mirrors,Meier Daye,2005,492,Terrace,492,Ford,false
Can-Can,Trueman Brannon,2012,493,Park,493,Cadillac,false
Facing the Truth (At kende sandheden),Torin Cescot,1998,494,Terrace,494,Volvo,false
Fugitives (Fugitivas),Maddalena Marian,2012,495,Trail,495,BMW,false
"Thorn Birds, The",Jarrid Cullon,2000,496,Lane,496,Acura,false
Madeline,Kelsey Penright,2012,497,Way,497,Mazda,true
American Crude,Ilse Daws,1971,498,Center,498,Pontiac,false
Oh Boy (A Coffee in Berlin),Zolly Chesnay,1996,499,Pass,499,Toyota,false
"Dangerous Method, A",Bellanca Piffe,2000,500,Avenue,500,Chevrolet,false
"Goodbye, Dragon Inn (Bu san)",Jo-anne Hews,2006,501,Hill,501,Peugeot,true
Pardes,Ki Rives,2010,502,Pass,502,Dodge,true
"Study in Choreography for Camera, A",Caryl Coils,1992,503,Street,503,Dodge,false
Zulu Dawn,Winifield Thornborrow,2011,504,Center,504,GMC,true
"Buona Sera, Mrs. Campbell",Sara-ann Eslie,2009,505,Crossing,505,Kia,true
Hardball,Margaux Aldins,1995,506,Hill,506,Volkswagen,false
"Ax, The (couperet, Le)",Allyn Summerell,2000,507,Street,507,Chevrolet,true
"Django the Bastard (Strangers Gundown, The) (Django il bastardo)",Alley Ullyott,2010,508,Road,508,Ford,true
"Charter Trip, The (a.k.a. Package Tour, The) (Sällskapsresan)",Benn Mawson,2007,509,Center,509,Volvo,false
Toi et Moi,Tilda Culver,1979,510,Alley,510,Buick,false
Page Eight,Gillan Lesly,2009,511,Street,511,Bentley,false
"Decline of Western Civilization Part II: The Metal Years, The",Danell Grishagin,1998,512,Road,512,Chevrolet,true
Rango,Frederic Buney,1967,513,Junction,513,Ford,true
Madhouse,Remington Cottem,2002,514,Court,514,Ford,true
Gimme the Loot,Sonia Leap,2005,515,Park,515,Mazda,false
Angels Sing,Price Bride,2002,516,Parkway,516,Infiniti,true
Stormy Monday,Giorgi Durward,2010,517,Hill,517,Mitsubishi,true
Satyricon,Braden Speak,2006,518,Point,518,Hyundai,false
Dante's Inferno,Kalli Bullers,2001,519,Lane,519,Audi,false
Flatfoot on the Nile (Piedone d'Egitto),Dita Diment,2008,520,Crossing,520,Panoz,true
"Birder's Guide to Everything, A",Bard Clerc,2003,521,Terrace,521,Mitsubishi,false
"My Mother's Castle (Château de ma mère, Le)",Iggie Slowgrove,2003,522,Plaza,522,Pontiac,false
Phantom Lady,Jacob Heaps,1998,523,Drive,523,Dodge,false
JFK,Teddy Rolinson,1993,524,Place,524,Plymouth,false
Love's Enduring Promise,Alard Sandaver,2009,525,Lane,525,Chevrolet,false
Masquerade,Phillis Planks,1999,526,Way,526,Hyundai,true
Hooper,Kessia Brewerton,2002,527,Alley,527,Suzuki,true
Bio-Dome,Bee Vanderplas,2006,528,Road,528,Suzuki,true
Diplomatic Siege,Alexis Brydson,1994,529,Drive,529,Ford,true
"Goods: Live Hard, Sell Hard, The",Stu North,1999,530,Lane,530,Honda,true
African Cats,Stanfield Klement,2008,531,Terrace,531,Kia,false
Racing with the Moon,Wilbert Asty,2011,532,Alley,532,Porsche,false
1981,Ede Grund,1986,533,Drive,533,Pontiac,false
TV Junkie,Jeanna Olivet,1990,534,Terrace,534,Buick,false
Stealing Rembrandt (Rembrandt),Darya Iacovone,2012,535,Drive,535,Volvo,true
"Zorro, the Gay Blade",Maddalena Posthill,1997,536,Alley,536,GMC,false
"Street with No Name, The",Honor Taylder,1998,537,Center,537,Dodge,true
"Big Squeeze, The",Yuri Whacket,2009,538,Trail,538,Lincoln,true
Annie Oakley,Riobard Hardin,2004,539,Trail,539,BMW,true
Judgment at Nuremberg,Grace Albasini,2003,540,Junction,540,BMW,true
First Monday in October,Levey Binny,1995,541,Point,541,Honda,false
Morning for the Osone Family,Nan Petrovykh,1997,542,Terrace,542,Mercury,false
Pathfinder (Ofelas),Lawton Collett,1993,543,Junction,543,Volkswagen,false
Crime Lords of Tokyo,Lionel Yes,1995,544,Way,544,Honda,false
"Four Days in September (O Que É Isso, Companheiro?)",Luke Maidstone,1992,545,Park,545,Isuzu,false
"Patriot, The",Lindsay Poat,2009,546,Parkway,546,Lexus,true
"Hour of the Furnaces, The (Hora de los hornos, La)",Darius Campanelli,1986,547,Hill,547,Mitsubishi,false
Prince of the Sun: The Great Adventure of Horus (Taiyou no ouji Horusu no daibouken),Gardy Todd,2006,548,Center,548,Bentley,true
Beverly Hills Cop,Idalia Neubigin,2007,549,Hill,549,Audi,false
My Life as McDull (Mak dau goo si),Teena Kirkman,2006,550,Way,550,Pontiac,false
With Great Power: The Stan Lee Story,Ash Pasque,1960,551,Pass,551,Chevrolet,false
3 Women (Three Women),Sargent Fealey,2008,552,Avenue,552,Land Rover,true
See the Sea,Abram Leguey,1997,553,Circle,553,Volvo,true
Collision Course,Doralynn Naile,2005,554,Court,554,Buick,true
Upstream,Tudor Mendoza,2004,555,Point,555,Mitsubishi,true
National Treasure,Eldon Korda,1993,556,Point,556,Geo,false
Playing for Time,Nataniel Oliveti,2008,557,Plaza,557,Lotus,true
George Carlin: It's Bad for Ya!,Caroline Renackowna,2005,558,Avenue,558,Ford,true
High Sierra,Rod Caudwell,2006,559,Trail,559,Chevrolet,true
Avenger ,Ingaborg Aire,1987,560,Hill,560,Audi,true
"Dark Knight Rises, The",Anselm Cassely,2002,561,Place,561,Ford,true
Shake Hands with the Devil,Anabelle Philpot,1961,562,Terrace,562,Studebaker,true
Terumae romae (Thermae Romae),Yuma Dubery,2006,563,Pass,563,Chevrolet,false
Z.P.G.,Clark Minillo,1993,564,Junction,564,Toyota,true
Black Rose Ascension (Kurobara shôten),Edie Goodwyn,2005,565,Parkway,565,Chevrolet,false
Torpedo Bombers (Torpedonostsy),Shir Hiley,1994,566,Street,566,Toyota,false
Kitchen in Paris,Carolee Gerish,2011,567,Junction,567,Kia,true
Nixon by Nixon: In His Own Words,Helga Blazewski,2011,568,Place,568,Mercedes-Benz,true
Of Human Bondage,Gannie Morrall,2000,569,Avenue,569,Isuzu,true
All About Lily Chou-Chou (Riri Shushu no subete),Jyoti Huthart,2005,570,Road,570,Honda,true
You Don't Mess with the Zohan,Joel Lovatt,1997,571,Junction,571,Land Rover,false
The World Forgotten,Rivy Stansell,2008,572,Hill,572,Isuzu,false
Bob Saget: That Ain't Right,Jessey Gaiford,1996,573,Drive,573,Mazda,true
"Bodyguard, The (Karate Kiba)",Cinda Strete,2000,574,Place,574,GMC,false
Fail Safe,Ad Clemendet,2006,575,Alley,575,Acura,false
Ninja III: The Domination,Leandra Clyma,2008,576,Center,576,Mazda,false
"Turtle's Tale: Sammy's Adventures, A",Arch Nuccitelli,2011,577,Center,577,Chevrolet,true
"Creeping Flesh, The",Fanni Fagg,1993,578,Place,578,Mazda,true
"Decade Under the Influence, A",Angelica Crumbleholme,1989,579,Pass,579,Subaru,false
Sunrise at Campobello,Leila Velte,1953,580,Hill,580,Chevrolet,false
Never Too Young to Die,Trixy Goward,2011,581,Plaza,581,Volkswagen,true
Yellow Submarine,Arleyne Ollett,2002,582,Court,582,Isuzu,false
Get a Horse!,Evangelia Borrie,1994,583,Terrace,583,Infiniti,false
Devil Hunter (El caníbal),Lenka De Ortega,2005,584,Junction,584,Mercedes-Benz,false
"Dukes of Hazzard, The",Harli Kleszinski,1990,585,Court,585,Lexus,true
"Oh, God!",Jarrett Girogetti,2003,586,Street,586,Kia,true
Tattoo Nation,Demetrius Slowgrave,1987,587,Alley,587,Volkswagen,true
Life with Mikey,Kennett Skelhorne,1993,588,Avenue,588,Cadillac,false
Police Academy 2: Their First Assignment,Deni Verney,2012,589,Pass,589,Mazda,true
Jack and Jill,Viola Meak,2002,590,Center,590,Pontiac,false
Recipe for Love,Douglass Archdeacon,2006,591,Trail,591,Kia,false
Crossing the Bridge,Rici Cicconetti,2008,592,Center,592,Pontiac,true
"Snowtown (Snowtown Murders, The)",Dario Yitzovicz,1979,593,Crossing,593,Pontiac,false
To Each His Own,Sheelagh Farmiloe,2010,594,Place,594,Scion,true
2016: Obama's America,Aurora Laviss,2005,595,Point,595,Toyota,true
Borderland,Zsazsa Hirthe,1996,596,Pass,596,Kia,true
"Substitute, The",Amaleta Keirle,2007,597,Avenue,597,Volkswagen,false
Interrupted Melody,Jayme Thynne,2002,598,Park,598,Acura,false
"Guard, The",Sylvester Linham,1978,599,Lane,599,Toyota,false
Come Dance with Me!,Wood Pahler,2011,600,Hill,600,Infiniti,true
Scooby-Doo! and the Witch's Ghost,Elaine Bilovsky,2002,601,Center,601,Ford,false
"Gore Gore Girls, The",Duffie Quipp,2009,602,Crossing,602,Porsche,true
Blue State,Lacey Dukes,1995,603,Street,603,Chevrolet,false
Blue State,Marsh Smythin,2011,604,Point,604,Honda,true
"Big Squeeze, The",Meryl Handasyde,2010,605,Crossing,605,Ford,true
Metroland,Charisse Bootman,1992,606,Alley,606,Mercedes-Benz,false
Valentin (Valentín),Jeffry Mellody,2011,607,Center,607,Hyundai,false
Look at Me (Comme une image),Chanda Poulston,1963,608,Way,608,Rambler,true
"Hustlers, The (Veijarit)",Ignace Fathers,2005,609,Street,609,Pontiac,true
Jonas,Aldon Blakiston,1964,610,Court,610,Pontiac,false
Rambo III,Kippy Darey,2011,611,Terrace,611,Lexus,true
Bathing Beauty,Rhoda Allibon,2007,612,Avenue,612,Porsche,true
Caged Heat,Wyn Ubank,1996,613,Trail,613,GMC,false
Cthulhu,Zorine McClinton,1996,614,Point,614,Ford,true
Puss in Boots: The Three Diablos,Florentia Habershaw,2004,615,Avenue,615,Lexus,false
Blood Wedding (Bodas de sangre),Ertha Issit,2006,616,Parkway,616,Suzuki,false
Better Living Through Circuitry,Demetrius Taberer,2000,617,Pass,617,Toyota,false
Three Wise Fools,Garvey Arne,2003,618,Plaza,618,Audi,false
It Happens Every Spring,Earvin Rann,2005,619,Place,619,Volkswagen,false
"Ladies and Gentlemen, the Fabulous Stains (a.k.a. All Washed Up)",Kareem Laverick,1992,620,Avenue,620,Chevrolet,false
"Wildest Dream, The",See Barizeret,1995,621,Point,621,GMC,true
Just Like Me (Igualita a Mi),Janine Meriott,1984,622,Center,622,Mazda,true
"Day Lincoln Was Shot, The",Any Cano,1993,623,Junction,623,Dodge,false
"Child, The (L'enfant)",Daven Moyes,2006,624,Plaza,624,Porsche,true
In A Day,Haleigh Fiddiman,1995,625,Junction,625,Oldsmobile,true
Zack and Miri Make a Porno,Olag Farquharson,1997,626,Court,626,Buick,false
Please Give,Haywood Abbatucci,2000,627,Street,627,Daewoo,false
Slap Shot,Allyn Johnsson,2006,628,Point,628,GMC,true
Zelig,Archibaldo Pietron,2006,629,Hill,629,Suzuki,false
Jack Reacher,Gretel Pickwell,2005,630,Terrace,630,Pontiac,false
Samsara,Cloris Saffon,2007,631,Center,631,Bentley,true
Offside,Skippie Innocent,1999,632,Circle,632,Plymouth,true
Popcorn,Guglielma Cottom,2000,633,Place,633,Jaguar,true
Rear Window,Kurt Bandy,1994,634,Alley,634,Nissan,true
Young Sherlock Holmes,Katrine Elmar,2007,635,Crossing,635,GMC,true
Morgen,Chuck Mailey,2003,636,Circle,636,Honda,true
Blood Games ,Lucho Kirkam,2011,637,Plaza,637,Mazda,true
Gainsbourg (Vie Héroïque),Austen Colquit,2009,638,Way,638,Mercedes-Benz,true
Waxworks (Das Wachsfigurenkabinett),Gare Dunk,1992,639,Pass,639,Ford,false
The Gang That Sold America,Wynn Van Bruggen,1997,640,Pass,640,Chevrolet,true
Stella Dallas,Cordie Ugo,1985,641,Road,641,Buick,true
Salla: Selling the Silence,Karlie Wemm,2010,642,Park,642,Lincoln,true
Yeh Jawaani Hai Deewani,Cati Taylor,2004,643,Park,643,Volkswagen,false
Digging for Fire,Luce Chattaway,1998,644,Crossing,644,Mercury,false
"Hitchhiker's Guide to the Galaxy, The",Aubert Ghione,1999,645,Road,645,Chrysler,false
Miss Potter,Mead Daniau,1990,646,Hill,646,Pontiac,true
Nine Lives,Jasmina Barstock,1986,647,Avenue,647,Mercury,true
"Merry War, A",Sergeant Doogan,2001,648,Terrace,648,Hyundai,false
Pax Americana and the Weaponization of Space,Harmonia Chasen,2011,649,Pass,649,Mitsubishi,true
"Born Losers, The",Gisella Herkess,2005,650,Drive,650,BMW,true
Tracks,Alejoa Jencey,1998,651,Crossing,651,Acura,true
For the Love of Benji,Angie Mehew,2001,652,Park,652,Acura,true
Allegro,Irvine Yoskowitz,1993,653,Pass,653,Mitsubishi,true
Leave Her to Heaven,Katrine England,2000,654,Circle,654,Jaguar,true
Black Rain (Kuroi ame),Roseanna Brimelow,2008,655,Center,655,Ford,false
Seitsemän veljestä,Llywellyn Crawforth,2012,656,Pass,656,Infiniti,false
"Green Pastures, The",Viole Pechacek,2007,657,Point,657,Volvo,false
Chasing Liberty,Ruthe Pairpoint,2012,658,Court,658,BMW,true
Moonlight Serenade,Nadia Winnister,1966,659,Hill,659,Jensen,true
"Olsen Gang on the Track, The (Olsen-banden på sporet)",Fields Hallan,2000,660,Terrace,660,Volkswagen,false
"First Case, Second Case (Ghazieh-e Shekl-e Aval, Ghazieh-e Shekl-e Dou Wom)",Dniren Pauletto,2009,661,Crossing,661,Mazda,true
Chloe,Sherye Greene,1992,662,Hill,662,Jaguar,false
Special Bulletin,Drucill Rook,1999,663,Alley,663,Toyota,true
Nuremberg,Sam Golling,2007,664,Lane,664,Chevrolet,true
Zabriskie Point,Marcos Breckwell,2003,665,Drive,665,Lincoln,false
"Singing Marine, The",Finley Bierman,2000,666,Drive,666,BMW,false
Pinocchio,Nanine Trengrove,1992,667,Place,667,Ford,false
Morocco,Winnifred Follit,1990,668,Pass,668,Buick,true
"Little Princess, The",Barr Irlam,1984,669,Way,669,Mercedes-Benz,true
Hero at Large,Magdalene Buffin,1997,670,Road,670,Ford,false
"Night Strangler, The",Malchy Yeldham,1992,671,Place,671,Land Rover,true
Beethoven,Greg Steadman,1998,672,Crossing,672,Ford,true
Big Shots,Darryl Angelo,1986,673,Hill,673,Subaru,false
"Prize of Peril, The (Prix du danger, Le)",Rosabella Fearfull,1964,674,Junction,674,Pontiac,true
This Is Elvis,Stewart Need,1990,675,Alley,675,Pontiac,true
We're No Angels,Evelyn Poulston,2008,676,Plaza,676,GMC,false
Adanggaman,Josephine Masters,1994,677,Junction,677,Chevrolet,false
Murder by Decree,Grant Mudd,1970,678,Way,678,Dodge,true
Adopted,Spence Akid,1993,679,Park,679,Lincoln,true
"Inkwell, The",Redford Hardan,1994,680,Drive,680,Lexus,false
Palo Alto,Shermy Elsmere,2012,681,Way,681,Hyundai,false
Boy of the Streets,Debbi Sperring,2004,682,Lane,682,Chevrolet,false
Trippin',Lauralee Ironside,2005,683,Place,683,Nissan,true
Easy A,Antone Thurske,2000,684,Place,684,Mercedes-Benz,true
Muscle Shoals,Hyatt Ciubutaro,1993,685,Court,685,GMC,true
Brick Lane,Ollie Kemson,2010,686,Drive,686,Hyundai,true
Feast II: Sloppy Seconds,Roanna McArthur,2000,687,Hill,687,Isuzu,false
Good Neighbours (a.k.a. Good Neighbors),Vite Waldocke,2010,688,Way,688,Chevrolet,false
"Lacemaker, The (Dentellière, La)",Brook Standingford,2009,689,Park,689,BMW,false
Unthinkable,Missie Mazin,2009,690,Way,690,Ford,true
Storefront Hitchcock,Arie Robatham,1996,691,Street,691,Mercury,true
Panic Button,Hedda Kordova,2013,692,Road,692,GMC,true
You Can't Win 'Em All,Adella Clemmey,2011,693,Court,693,Nissan,false
RKO 281,Nicolas Roswarne,2009,694,Place,694,BMW,true
Viy,Yoshi Yanne,2009,695,Terrace,695,Kia,false
The Brain,Doti Leatham,1992,696,Court,696,Mazda,true
Ghost Dog: The Way of the Samurai,Vonnie Allebone,2011,697,Circle,697,Dodge,true
Castle Keep,Giovanni Wace,1993,698,Alley,698,Toyota,false
Moonwalker,Stafani Digan,2003,699,Point,699,Lincoln,true
Rhapsody in Blue,Alikee Jentgens,1999,700,Park,700,Chrysler,false
"Castaway Cowboy, The",Westleigh Dunk,1998,701,Avenue,701,Toyota,false
Loch Ness,Mattie Ply,2009,702,Park,702,Lotus,false
"Deep, The",Gratia Yve,2002,703,Avenue,703,Mazda,false
Deadly Surveillance,Phyllys Twydell,2002,704,Place,704,Volvo,false
Shake Hands with the Devil,Cassey Stanfield,2010,705,Terrace,705,Mazda,true
Bernice Bobs Her Hair,Anita Lillgard,2003,706,Center,706,Audi,false
Dragonball Evolution,Chip Throssell,2012,707,Pass,707,Mitsubishi,true
"Duel at Silver Creek, The",Roanne Ramel,2008,708,Junction,708,Chevrolet,false
Mad Dog Time,Carmelina Leamon,1998,709,Drive,709,Hyundai,true
Almanya - Welcome to Germany (Almanya - Willkommen in Deutschland),Thurston Annatt,1995,710,Crossing,710,Buick,false
"Family, The",Emmanuel Wabey,1995,711,Plaza,711,Dodge,true
Quigley Down Under,Sharona Middlewick,2004,712,Plaza,712,Toyota,true
Holy Wars,Roley Prevost,1987,713,Road,713,Subaru,true
Pluto's Christmas Tree,Billi Strettle,2010,714,Road,714,Chevrolet,false
Videocracy (Videocracy - Basta apparire),Dalila Barensky,2008,715,Plaza,715,Nissan,false
Strawberry and Chocolate (Fresa y chocolate),Lilian Maffulli,2003,716,Pass,716,Chevrolet,true
Post Mortem,Brier Baus,2011,717,Junction,717,Scion,false
"Forsyte Saga, The",Maryann Jarrelt,2001,718,Hill,718,Hyundai,false
Beck - Öga för öga,Cass Saterthwait,2004,719,Circle,719,GMC,false
"Longest Yard, The",Tawsha Wein,2011,720,Court,720,Lexus,true
There Goes My Baby,Greggory Cogan,2006,721,Place,721,Ford,false
"Day of the Triffids, The",Salomon Prendeguest,2012,722,Junction,722,Dodge,true
Dying of the Light,Niki Ledington,2013,723,Junction,723,Scion,true
Home of the Brave,Glynn Halbord,2009,724,Place,724,Maybach,false
Yatterman (Yattâman),Nelli O' Mulderrig,1995,725,Road,725,Holden,false
India Song,Trixie Cooke,1998,726,Circle,726,Buick,false
Space,Katerina McNicol,2012,727,Drive,727,Volkswagen,true
Nothing Like the Holidays,Marjorie Longhi,2006,728,Circle,728,Nissan,true
Control,Elisabetta Targett,1993,729,Parkway,729,Cadillac,true
Walking with Monsters,Carolus McAline,1966,730,Park,730,Ford,true
"Dawn Patrol, The",Linda Ridgeway,2009,731,Lane,731,Volvo,true
"New Barbarians, The (I nuovi barbari)",Lothario Antonignetti,1992,732,Center,732,GMC,false
"Name of the Rose, The (Name der Rose, Der)",Madelon Le Blanc,1999,733,Trail,733,Chrysler,false
Mafioso,Madlen Tidgewell,1993,734,Trail,734,Chevrolet,false
Airplane!,Cyril Wisniewski,1985,735,Trail,735,Buick,true
Fitna,Andrei Debnam,2006,736,Plaza,736,Hummer,true
Bionicle 3: Web of Shadows,Payton Siggs,1998,737,Street,737,Mitsubishi,false
"Son of the Bride (Hijo de la novia, El)",Katti Lacer,2009,738,Terrace,738,Chevrolet,false
My Name Is Nobody (Il Mio nome è Nessuno),Ivy Tomisch,1998,739,Center,739,Porsche,false
The Island,Donna Staziker,2004,740,Parkway,740,Honda,false
Night at the Museum: Secret of the Tomb,Orville McPhillimey,1999,741,Trail,741,Dodge,false
Such Hawks Such Hounds,Mohandas Fingleton,2006,742,Trail,742,Pontiac,false
Saving Sarah Cain,Ailina Sperling,1993,743,Plaza,743,Volkswagen,true
Shadows (Cienie),Micah Lownsbrough,1997,744,Point,744,GMC,false
"Kind of Loving, A",Mercy Dewick,1997,745,Place,745,Geo,true
Marie and Bruce,Janis Siggin,2011,746,Park,746,Mazda,true
El Greco,Wilhelmine Forrest,2008,747,Street,747,Ford,false
Happy Together (a.k.a. Buenos Aires Affair) (Chun gwong cha sit),Hazel Ewbank,2006,748,Center,748,Audi,true
High Hopes,Benedicto Gludor,1997,749,Plaza,749,Saturn,false
"Mad Adventures of Rabbi Jacob, the (Les Aventures de Rabbi Jacob)",Carry Ferrea,2003,750,Park,750,Chevrolet,false
Visitors,Jerrilee Vidineev,2002,751,Drive,751,Nissan,false
Long Way Round,Wiley Meeron,1993,752,Road,752,Dodge,true
"Remember the Daze (Beautiful Ordinary, The)",Yanaton Beswell,1999,753,Pass,753,Volvo,true
"White Cliffs of Dover, The",Talbot Brosh,2010,754,Terrace,754,GMC,true
Days of Wine and Roses,Barthel Sieur,1999,755,Parkway,755,BMW,false
Eight Legged Freaks,Forest Lassey,1993,756,Pass,756,Plymouth,false
"Apartment, The",Nehemiah Iddens,1997,757,Crossing,757,Dodge,false
Under the Tuscan Sun,Myrah Riordan,1985,758,Trail,758,Volkswagen,true
Good Burger,Christi Ilyinski,1999,759,Crossing,759,Hyundai,false
"Living Dead Girl, The (Morte Vivante, La)",Zaria Witul,1993,760,Drive,760,Subaru,true
Ski Patrol,Tessa Justham,1995,761,Drive,761,Honda,false
"January Man, The",Danie Garrity,2007,762,Park,762,Jeep,true
"Shadow Dancer, The (Shadows in the Sun)",Evonne Sellwood,2007,763,Parkway,763,Volvo,false
Zelary,Pietra Hartin,2005,764,Lane,764,Saab,true
Animal Love (Tierische Liebe),Belia Orpen,1985,765,Way,765,Suzuki,false
Tsotsi,Corilla Mein,2011,766,Pass,766,Dodge,true
Who Is Killing the Great Chefs of Europe?,Immanuel Cleall,2008,767,Alley,767,Saab,true
"Bizarre, Bizarre (Drôle de drame ou L'étrange aventure de Docteur Molyneux)",Jonell Manketell,1998,768,Court,768,Jeep,true
Sita Sings the Blues,Adeline Hadland,2004,769,Alley,769,Kia,true
"Paper, The",Jenifer Petcher,1984,770,Lane,770,Maserati,true
Wild Love,Morton Kneller,1993,771,Junction,771,Chevrolet,false
"Indian in the Cupboard, The",Christabel Folland,2007,772,Court,772,Kia,true
Mélo,Berty Cecere,2006,773,Avenue,773,Dodge,true
Falling Down,Julianna Esmonde,2010,774,Street,774,BMW,true
Lesson of the Evil (Aku no kyôten),Adrien Wyman,2004,775,Junction,775,Chevrolet,true
Last Night,Dex Carnie,1999,776,Street,776,Lexus,false
Looking for Maria Sanchez,Maggy Hewins,2004,777,Lane,777,Nissan,false
Dirty Dancing: Havana Nights,Lulita Balden,1988,778,Hill,778,Audi,true
Lust for Love,Casper Biddy,2008,779,Pass,779,Mitsubishi,false
Sarah's Key (Elle s'appelait Sarah),Jarred Proudlock,1996,780,Avenue,780,Ford,true
"Hush... Hush, Sweet Charlotte",Ted Coughlan,1997,781,Court,781,Oldsmobile,true
Return with Honor,Jerald MacCrachen,2011,782,Pass,782,BMW,false
Puddle Cruiser,Zachariah Held,2003,783,Crossing,783,Ford,true
King of Beggars (Mo jong yuen So Hat-Yi),Lillis Battle,2011,784,Plaza,784,GMC,false
Tarzan's New York Adventure,Wilhelmine Schwand,1997,785,Terrace,785,Toyota,false
Angels with Dirty Faces,Cindra Tyhurst,1995,786,Crossing,786,GMC,false
Mars,Wallie Bletcher,2007,787,Road,787,Peugeot,false
Sun Alley (Sonnenallee),Monti Dikle,1998,788,Crossing,788,Toyota,true
Confessions of a Nazi Spy,Benjy Ferebee,2001,789,Terrace,789,Lincoln,true
"International, The",Miltie Debenham,2006,790,Park,790,Mercedes-Benz,false
Eccentricities of a Blonde-haired Girl (Singularidades de uma Rapariga Loura),Dominga Czaja,2001,791,Court,791,Lexus,true
"Big Steal, The",Zachery Quinet,1995,792,Center,792,Oldsmobile,false
Querelle,Petronella Scarbarrow,1999,793,Court,793,Buick,false
Beyond the Poseidon Adventure,Yorgos Jedrys,2000,794,Junction,794,Dodge,true
Blackmail,Raffaello Sutherland,1992,795,Hill,795,Chevrolet,false
So Much So Fast,Valle Adolfsen,2009,796,Circle,796,Toyota,true
Fools Rush In,Pete Rangle,2004,797,Street,797,Toyota,false
The Mark of Cain,Ethelin Garey,2012,798,Avenue,798,Ford,true
Spriggan (Supurigan),Samuele Bromell,1997,799,Plaza,799,Honda,true
Worth Winning,Lucais Myles,1995,800,Street,800,Audi,true
It Started in Naples,Franky Steedman,2008,801,Junction,801,BMW,false
Rhinestone,Cherlyn McCourt,2006,802,Avenue,802,Toyota,false
"Goebbels Experiment, The (Das Goebbels Experiment)",Lilith MacFarlane,1999,803,Center,803,Chrysler,true
Brother's Keeper,Peirce Crohan,2008,804,Place,804,Ford,true
Beyond the Gates of Splendor,Frieda Cathcart,2011,805,Terrace,805,Bugatti,true
Taffin,Gwenni Hunte,2011,806,Hill,806,Volkswagen,false
Choke,Chance Aronsohn,2005,807,Drive,807,Ford,true
Drop Zone,Rosemary Cluney,1992,808,Circle,808,Infiniti,false
Johnson Family Vacation,Lizzie Hazeman,2002,809,Point,809,Dodge,true
Deliver Us from Evil,Jelene todor,2002,810,Plaza,810,Dodge,false
"Reuben, Reuben",Maggi Welsh,1996,811,Center,811,Chevrolet,true
Red,Heddi Headings,2010,812,Hill,812,Ford,false
Lucky Them,Ruben Pitchford,2000,813,Center,813,Toyota,false
Sadie Thompson,Kiele Braidley,2011,814,Trail,814,Chevrolet,true
Belphecor: Curse of the Mummy (Belphégor - Le fantôme du Louvre),Basile Bloomfield,2001,815,Plaza,815,GMC,false
Satan Never Sleeps,Bree Bosence,1996,816,Terrace,816,Ford,true
Nightmaster (Watch the Shadows Dance),Diane-marie Aries,2005,817,Crossing,817,Bentley,true
Heathcliff: The Movie,Roseann Pashler,2002,818,Point,818,Subaru,true
Just One of the Guys,Bryna Rummings,1994,819,Terrace,819,Dodge,false
12,Adora Kobiela,2011,820,Alley,820,Suzuki,true
Stealth,Muire Cromley,1997,821,Pass,821,Toyota,false
Jodorowsky's Dune,Marcos Croughan,1988,822,Pass,822,Ford,false
Delta Force 2 (Delta Force 2: The Colombian Connection),Tulley Bramhall,1997,823,Way,823,Volkswagen,false
Far from Home,Suki Arrell,2009,824,Park,824,Ford,false
Memento Mori (Yeogo goedam II),Nelson Murch,1955,825,Junction,825,Chevrolet,true
Meet Joe Black,Barris McMickan,2011,826,Plaza,826,Hyundai,false
Attila,Jordanna Jerzyk,2012,827,Avenue,827,Infiniti,true
Cry Wolf,Martha Prickett,1993,828,Court,828,Ford,true
Spring Subway,Elijah Cuttings,2009,829,Lane,829,Ford,true
Billy Liar,Wheeler Coley,2004,830,Street,830,Cadillac,true
No One Lives,Clifford Jonsson,2003,831,Hill,831,Hyundai,true
"Dunwich Horror, The",Dodi Zuenelli,2013,832,Plaza,832,Hyundai,true
Far Out Isn't Far Enough: The Tomi Ungerer Story,Mar Hullot,2003,833,Avenue,833,Toyota,false
Wreckers,Amabelle Bercevelo,2001,834,Avenue,834,Dodge,true
"Taxing Woman, A (Marusa no onna)",Husain Locock,2002,835,Crossing,835,Audi,false
Variety Lights,Rafaello Hamsley,2009,836,Alley,836,Lincoln,true
Blondie on a Budget,Sarene Parmeter,2003,837,Crossing,837,Cadillac,true
They All Lie,Alair Walker,2001,838,Way,838,Mercedes-Benz,true
a/k/a Tommy Chong,Frederique Pracy,1994,839,Park,839,GMC,false
"Watcher in the Woods, The",Jandy Ivers,2008,840,Way,840,Toyota,false
All Fall Down,Kaylil Thurborn,2010,841,Street,841,Ford,true
For Love or Country: The Arturo Sandoval Story,Sinclair Torrent,1987,842,Avenue,842,Ford,false
PTU,Dory Aspall,2009,843,Hill,843,Hyundai,false
Unzipped,Essa Hapke,2002,844,Court,844,Acura,true
Poltergeist II: The Other Side,Dana Riden,1987,845,Hill,845,Ford,true
Skeleton Man,Nichole Billion,1993,846,Way,846,Audi,true
"Blade, The (Dao)",Taffy Cluatt,2005,847,Road,847,Lexus,false
"OH in Ohio, The",Sabrina Andrioni,2008,848,Road,848,Hummer,false
Death Race 2,Alane Gwalter,2009,849,Pass,849,Nissan,false
Pavilion of Women,Chad Drummer,1986,850,Lane,850,Ford,false
"Devil's Nightmare, The (Plus longue nuit du diable, La)",Nickolaus Ridett,1995,851,Street,851,Ford,false
Jew Süss (Jud Süß),Laurens Putton,1996,852,Way,852,Mazda,false
"Captive, The (Prisonnière, La)",Kaleb aManger,1993,853,Parkway,853,Geo,false
"Guide to Recognizing Your Saints, A",Farr Beavan,1988,854,Avenue,854,Volkswagen,false
Beastly,Kipp Churchyard,2006,855,Crossing,855,Chrysler,true
Stanley Kubrick's Boxes,Joel Proswell,1987,856,Terrace,856,Mitsubishi,true
Millennium Actress (Sennen joyû),Astra Surgood,1993,857,Street,857,Dodge,true
"Cheap Detective, The",Orelia Flegg,2010,858,Court,858,Lincoln,true
"Hollywood Complex, The",Florrie Gilffillan,2004,859,Avenue,859,Mitsubishi,true
Number Two (Numéro deux),Marilyn De Ambrosis,2009,860,Road,860,Lexus,false
Beowulf,Emogene Heathcoat,2011,861,Hill,861,Chevrolet,false
Evil Under the Sun,Jeanna McMeekan,1985,862,Avenue,862,Lincoln,true
Poseidon,Sybilla Scardafield,1996,863,Way,863,Suzuki,false
Desert Flower,Neel Maddern,2002,864,Center,864,Mitsubishi,true
"Spider Baby or, The Maddest Story Ever Told (Spider Baby)",Oralla Defau,2001,865,Terrace,865,Audi,true
"Insider, The",Justis Barnhill,2002,866,Avenue,866,GMC,false
Secretary,Inigo Camelia,2000,867,Circle,867,Honda,true
Sunlight Jr.,Cyril McKennan,2004,868,Junction,868,Jaguar,false
Raising Arizona,Philippe Boarer,1993,869,Road,869,Jeep,false
Someone to Watch Over Me,Rona Musselwhite,2002,870,Point,870,Mazda,false
Monday Night Mayhem,Reinhard Shelton,2000,871,Drive,871,Mercury,true
Marriage Italian Style (Matrimonio all'italiana),Emmalee Croux,2009,872,Crossing,872,Nissan,false
Visions of Europe,Truda Servis,2002,873,Hill,873,Honda,true
Boys,Dita Headington,2000,874,Crossing,874,Oldsmobile,false
Gods and Generals,Lavena Willoughey,1997,875,Pass,875,Ford,false
"Young Lieutenant, The (Le petit lieutenant)",Junia Arends,1986,876,Pass,876,Lincoln,false
Hellion,Gearalt Halsworth,2013,877,Alley,877,Hyundai,true
"Life and Death of Colonel Blimp, The",Jodie Muffin,2010,878,Center,878,Honda,true
Tamara Drewe,Deane Earwaker,2002,879,Point,879,BMW,true
The Coven,Bethany Tellwright,2004,880,Street,880,Ford,false
Rabbit-Proof Fence,Chrystel Plampin,2011,881,Pass,881,Buick,true
Teenagers from Outer Space,Kim Dellow,1998,882,Point,882,Plymouth,true
Epic,Zak Balf,1995,883,Avenue,883,Toyota,true
Three Faces East,Hewe Belcham,2008,884,Trail,884,Audi,false
Promise Her Anything,Staci de Clercq,2007,885,Center,885,Kia,true
Blue Caprice,Laird Riglar,1986,886,Plaza,886,Suzuki,false
Knights of the Round Table,Siward Gynne,2009,887,Terrace,887,Mazda,false
Made of Honor,Debora Fossett,2001,888,Street,888,Buick,false
This Girl's Life,Rita Tabord,1997,889,Plaza,889,Oldsmobile,false
Brewster McCloud,Mohammed Dissman,2004,890,Street,890,Cadillac,false
Frank,Renard O'Gleasane,2005,891,Drive,891,Lexus,true
"Scenic Route, The",Randa Vanichev,2010,892,Road,892,Chrysler,true
Humoresque,Renault Franseco,1997,893,Hill,893,Nissan,true
"Day After, The",Kellia Rycraft,2002,894,Center,894,Honda,false
"Humanité, L'",Amble Gareisr,2013,895,Plaza,895,Jaguar,true
From Hell,Daloris Eveque,1999,896,Place,896,Toyota,true
Landscape Suicide,Brita Rowett,2003,897,Place,897,Chevrolet,false
"Boys Diving, Honolulu",Ximenez Merioth,1995,898,Trail,898,GMC,false
8 Mile,Dannie Banaszkiewicz,1994,899,Plaza,899,GMC,false
Cathy Come Home,Maury D'Acth,2005,900,Drive,900,Rolls-Royce,false
Blue Collar Comedy Tour: The Movie,Abbey Danev,2005,901,Court,901,Scion,true
To Each His Own Cinema (Chacun son cinéma ou Ce petit coup au coeur quand la lumière s'éteint et que le film commence),Hestia Fifield,2002,902,Pass,902,BMW,false
"Four Seasons (Seasons, The) (Vremena goda)",Birdie Yell,2012,903,Center,903,Chevrolet,false
"Show, The",Bianca Winmill,1995,904,Alley,904,Porsche,true
Ravenous,Tucker Jurczak,1986,905,Street,905,Audi,false
Fitna,Odella Lorkings,2009,906,Street,906,Suzuki,false
"Midsummer Night's Dream, A",Sharity Blowick,2007,907,Junction,907,Ford,true
Sophie's Choice,Gavra Haddick,2007,908,Circle,908,Audi,true
Cool World,Franky Broadley,2013,909,Plaza,909,Lincoln,false
Legend of the Fist: The Return of Chen Zhen (Jing wu feng yun: Chen Zhen),Phyllis Cassely,2000,910,Avenue,910,Mercury,true
"Education of Little Tree, The",Dorothy Grent,1986,911,Drive,911,Buick,false
Double Whammy,Emmerich Gerald,1993,912,Plaza,912,GMC,false
Your Friends and Neighbors,Jorgan Gartery,2012,913,Avenue,913,Nissan,false
Armed and Dangerous,Mab Keatley,2011,914,Drive,914,Hyundai,true
From the East (D'Est),Bev Blackeby,2008,915,Way,915,Chevrolet,true
Back to the Future,Allyn Ringham,1994,916,Point,916,Suzuki,false
"Browning Version, The",Winfred Lamy,2012,917,Place,917,Lincoln,false
Scream 4,Thomasin Chiechio,2011,918,Avenue,918,Mitsubishi,false
Scorching Winds (Garm Hava) (Garam Hawa),Trumaine Buse,1996,919,Hill,919,Chevrolet,true
"Big Day, The (We Met on the Vineyard)",Moishe Goodrich,2000,920,Junction,920,Infiniti,false
Believe Me,Theodosia Teggin,1994,921,Hill,921,Honda,false
"Alphabet Killer, The",Sena Willas,1995,922,Point,922,Ford,true
"Last American Hero, The",Hakeem Dedden,1996,923,Point,923,Ford,false
Frankie and Alice,Kissiah Perchard,2012,924,Parkway,924,Volkswagen,false
"Kingdom, The (Riget)",Junia Petrenko,2004,925,Park,925,Jaguar,true
Million Dollar Mystery,Rock Diprose,1975,926,Crossing,926,Pontiac,true
Brand Upon the Brain!,Kali Klaiser,1997,927,Junction,927,Mazda,true
"Goddess, The",Alika Angus,2000,928,Terrace,928,Chevrolet,false
Dead Reckoning,Eric Atwood,1970,929,Hill,929,Dodge,false
Jekyll & Hyde... Together Again,Cordell Charlick,2007,930,Junction,930,Kia,true
Tonight and Every Night,Josie Kliement,1995,931,Place,931,Hyundai,false
Angels and Insects,Ilyssa Chiommienti,2006,932,Court,932,Lincoln,false
Cheri,Robin Polding,1996,933,Alley,933,GMC,false
American Gangster,Granville Husselbee,2006,934,Way,934,Chevrolet,true
"Cabin in the Woods, The",Angele Duckerin,1996,935,Center,935,Volkswagen,true
Dona Flor and Her Two Husbands (Dona Flor e Seus Dois Maridos),Mattie Kennifick,1992,936,Crossing,936,Pontiac,false
Miss Representation,Mohammed Hummerston,1985,937,Hill,937,Mitsubishi,false
51,Romeo Oger,2010,938,Crossing,938,Lexus,false
Ellen DeGeneres: The Beginning,Irv Preene,2003,939,Parkway,939,Dodge,true
Light Gradient,Ilise Goodding,2004,940,Circle,940,Scion,false
Snowbeast,Elonore Antoinet,2006,941,Junction,941,Chrysler,true
Moon Zero Two,Sherline Buddles,2010,942,Parkway,942,Toyota,true
Tarzan Escapes,Kanya Skryne,2012,943,Avenue,943,Nissan,true
Creature Comforts,Rickie Rainville,1990,944,Center,944,Ford,false
"Darkman II: Return of Durant, The",Brent Potebury,2004,945,Junction,945,Chrysler,false
David and Lisa,Toby Ortiger,2011,946,Center,946,Ford,true
Since You Went Away,Richardo Dacombe,1997,947,Trail,947,GMC,false
Hitler's Children,Reinaldos Portinari,2011,948,Pass,948,Cadillac,false
"Life of Another, The (La vie d'une autre)",Brendin Tidmarsh,2006,949,Park,949,BMW,true
Miss Météo,Bobbie Conneau,2006,950,Alley,950,Chrysler,false
Cool Hand Luke,Bren Fevers,2006,951,Parkway,951,Chevrolet,false
B-Side,Lesley Stathor,1994,952,Court,952,Chevrolet,true
"Treasure Hunter, The (Ci ling)",Pearle Greed,2007,953,Place,953,Ford,true
"Work of Director Michel Gondry, The",Shurlocke Matelaitis,1993,954,Drive,954,Volkswagen,true
Route Irish,Hagen Beining,1998,955,Pass,955,Nissan,false
"Wes Craven's New Nightmare (Nightmare on Elm Street Part 7: Freddy's Finale, A)",Evvy Sterley,2007,956,Circle,956,Acura,true
Balkan Spy (Balkanski spijun),Farand Brockhurst,1992,957,Terrace,957,Mitsubishi,false
Lovers and Other Strangers,Bronny Shill,2007,958,Alley,958,Toyota,false
Shooter,Lannie Kasper,1986,959,Street,959,Mercury,true
"J. Gang Meets Dynamite Harry, The (Jönssonligan & DynamitHarry)",Roxi Samarth,2001,960,Park,960,Mitsubishi,true
Wrong Turn at Tahoe,Layne Rheam,2008,961,Crossing,961,Audi,true
Four Weddings and a Funeral,Rutherford Dawid,2007,962,Drive,962,Kia,true
Decasia: The State of Decay,Iris Lantoph,2007,963,Trail,963,Mercedes-Benz,true
Nola,Markos Eliot,2007,964,Junction,964,Saturn,true
Me and You and Everyone We Know,Fergus Croft,2008,965,Park,965,Kia,true
Shade,Kelly Foxwell,1984,966,Crossing,966,Ford,false
One Husband Too Many,Barbette Lambdon,1994,967,Center,967,GMC,false
The Opposite Sex,Cleon Sitford,2008,968,Hill,968,Lexus,true
Crazy/Beautiful,Viviana Leith,1994,969,Crossing,969,Pontiac,false
Boiling Point,Hector Gricks,1993,970,Terrace,970,Subaru,false
Rovaniemen markkinoilla,Marleah Fried,1996,971,Road,971,Cadillac,true
Paperman,Bathsheba Ostick,1999,972,Avenue,972,Toyota,true
Christine,Kaycee Rydings,2005,973,Lane,973,Toyota,false
"Great Ecstasy of Woodcarver Steiner, The (Große Ekstase des Bildschnitzers Steiner, Die)",Ardath Duckit,2001,974,Place,974,Volkswagen,false
Astro Boy,Gusta Battisson,2001,975,Park,975,Cadillac,false
Fury,Jillana Cutbush,2000,976,Street,976,Chevrolet,true
Wedding Crashers,Lily Treneman,2012,977,Trail,977,Mercedes-Benz,true
Book of Love,Andrej Colthurst,1990,978,Terrace,978,Mazda,false
Deep Blue,Cindelyn Cridlin,2001,979,Plaza,979,Jeep,false
Garfield's Pet Force,Derrik Leeb,2001,980,Center,980,Plymouth,false
9to5: Days in Porn (a.k.a. 9 to 5: Days in Porn),Moria Gallacher,2009,981,Road,981,Subaru,true
Burrowing (Man tänker sitt),Penny Brisse,1993,982,Trail,982,Mercedes-Benz,true
"Geographer Drank His Globe Away, The (Geograf globus propil)",Edmon Storks,2003,983,Circle,983,Chevrolet,true
"Juror, The",Kelcey Moniker,1998,984,Center,984,GMC,true
The Lost Squadron,Morse Vears,2005,985,Trail,985,Chevrolet,true
Tight Spot,Margit Deller,1998,986,Plaza,986,Dodge,true
Nostalgia for the Light (Nostalgia de la luz),Allix Mynett,2004,987,Terrace,987,Dodge,true
The Way He Looks,Lorenzo Raisher,2006,988,Crossing,988,Chevrolet,false
Skinwalkers,Nyssa Kobpal,1996,989,Terrace,989,Buick,false
Ride Along,Fae Cardenas,2007,990,Place,990,Chevrolet,false
Red Sands,Ingram Pencot,1999,991,Drive,991,Dodge,false
I Thank a Fool,Obidiah Brecknock,2006,992,Center,992,Toyota,true
F for Fake (Vérités et mensonges),Roberta Kryszkiecicz,2003,993,Hill,993,Toyota,true
Retrogade,Clerc Boxen,1992,994,Park,994,Audi,false
Saints and Soldiers,Hunfredo Oxbrow,1989,995,Pass,995,Maserati,true
Bye Bye Monkey (Ciao maschio),Quinn Yon,2004,996,Crossing,996,GMC,false
Lucia,Nissa Le Prevost,1999,997,Street,997,GMC,false
Hana (Hana yori mo naho),Yves Maria,2006,998,Parkway,998,GMC,true
"In-Laws, The",Candice Varnham,2006,999,Circle,999,Isuzu,false
Breakin',Yankee McVittie,2002,1000,Park,1000,Nissan,true
